sample_no,project_code,material_code,test_item,submitted_on,completed_on,result,cost,currency,turnaround_days
AST-00001,Project C,Ceramic-C,Chemical Compatibility,2026-04-06,2026-04-12,PASS,97.61,USD,6
AST-00002,Project F,Alloy-X,Thermal Cycling,2026-04-14,2026-04-18,PASS,96.21,USD,4
AST-00003,Project J,Copper-M,Impact Resistance,2026-05-29,2026-06-05,PASS,87.61,USD,7
AST-00004,Project C,Ceramic-C,Chemical Compatibility,2026-03-04,2026-03-09,PASS,123.73,USD,5
AST-00005,Project F,Copper-M,Humidity Exposure,2026-04-09,2026-04-15,PASS,106.18,USD,6
AST-00006,Project I,Alloy-X,Salt Spray,2026-04-05,2026-04-13,FAIL,87.96,USD,8
AST-00007,Project C,Copper-M,Salt Spray,2026-04-11,2026-04-15,PASS,124.11,USD,4
AST-00008,Project G,Composite-Z,Thermal Cycling,2026-05-11,2026-05-19,PASS,93.03,USD,8
AST-00009,Project J,Alloy-X,Thermal Cycling,2026-06-01,2026-06-09,PASS,108.70,USD,8
AST-00010,Project F,Ceramic-C,Tensile Strength,2026-07-17,2026-07-25,PASS,91.39,USD,8
AST-00011,Project E,Ceramic-C,Tensile Strength,2026-06-13,2026-06-19,PASS,112.61,USD,6
AST-00012,Project C,Copper-M,Tensile Strength,2026-02-07,2026-02-13,PASS,105.73,USD,6
AST-00013,Project H,Composite-Z,Tensile Strength,2026-05-26,2026-06-03,FAIL,108.93,USD,8
AST-00014,Project F,Copper-M,Chemical Compatibility,2026-03-18,2026-03-28,PASS,99.09,USD,10
AST-00015,Project D,Copper-M,Humidity Exposure,2026-05-24,2026-06-03,PASS,114.02,USD,10
AST-00016,Project H,Ceramic-C,Chemical Compatibility,2026-02-21,2026-02-27,PASS,117.48,USD,6
AST-00017,Project J,Composite-Z,Tensile Strength,2026-06-04,2026-06-09,PASS,91.71,USD,5
AST-00018,Project J,Copper-M,Chemical Compatibility,2026-03-16,2026-03-23,PASS,84.81,USD,7
AST-00019,Project J,Alloy-X,Salt Spray,2026-02-08,2026-02-15,PASS,89.43,USD,7
AST-00020,Project G,Alloy-X,Salt Spray,2026-04-11,2026-04-16,PASS,120.86,USD,5
AST-00021,Project A,Alloy-X,Tensile Strength,2026-05-26,2026-06-03,FAIL,85.08,USD,8
AST-00022,Project I,Ceramic-C,Tensile Strength,2026-06-18,2026-06-26,FAIL,91.51,USD,8
AST-00023,Project F,Polymer-A,Tensile Strength,2026-05-26,2026-05-30,PASS,84.41,USD,4
AST-00024,Project C,Polymer-A,Humidity Exposure,2026-05-25,2026-05-31,PASS,101.08,USD,6
AST-00025,Project G,Copper-M,Salt Spray,2026-07-10,2026-07-18,PASS,124.10,USD,8
AST-00026,Project B,Alloy-X,Thermal Cycling,2026-04-11,2026-04-16,PASS,85.32,USD,5
AST-00027,Project F,Composite-Z,Salt Spray,2026-05-11,2026-05-21,PASS,87.67,USD,10
AST-00028,Project F,Polymer-A,Chemical Compatibility,2026-03-13,2026-03-17,PASS,84.27,USD,4
AST-00029,Project F,Composite-Z,Thermal Cycling,2026-04-23,2026-04-30,PASS,126.70,USD,7
AST-00030,Project G,Ceramic-C,Thermal Cycling,2026-05-25,2026-05-30,PASS,88.73,USD,5
AST-00031,Project F,Polymer-A,Humidity Exposure,2026-04-04,2026-04-08,PASS,86.17,USD,4
AST-00032,Project J,Polymer-A,Thermal Cycling,2026-02-19,2026-02-24,PASS,93.49,USD,5
AST-00033,Project G,Composite-Z,Thermal Cycling,2026-03-26,2026-04-05,PASS,98.90,USD,10
AST-00034,Project I,Composite-Z,Impact Resistance,2026-07-25,2026-07-30,PASS,105.75,USD,5
AST-00035,Project B,Polymer-A,Impact Resistance,2026-07-12,2026-07-16,PASS,101.32,USD,4
AST-00036,Project H,Ceramic-C,Thermal Cycling,2026-05-13,2026-05-21,PASS,102.65,USD,8
AST-00037,Project E,Copper-M,Thermal Cycling,2026-04-25,2026-05-04,PASS,85.67,USD,9
AST-00038,Project B,Copper-M,Impact Resistance,2026-03-16,2026-03-26,PASS,110.51,USD,10
AST-00039,Project H,Copper-M,Humidity Exposure,2026-05-10,2026-05-19,PASS,90.10,USD,9
AST-00040,Project C,Composite-Z,Tensile Strength,2026-06-14,2026-06-23,PASS,89.18,USD,9
AST-00041,Project D,Alloy-X,Chemical Compatibility,2026-07-14,2026-07-23,PASS,86.86,USD,9
AST-00042,Project G,Composite-Z,Tensile Strength,2026-03-11,2026-03-21,PASS,117.85,USD,10
AST-00043,Project F,Polymer-A,Thermal Cycling,2026-02-05,2026-02-09,PASS,89.97,USD,4
AST-00044,Project J,Alloy-X,Thermal Cycling,2026-05-14,2026-05-19,PASS,121.74,USD,5
AST-00045,Project G,Composite-Z,Impact Resistance,2026-03-12,2026-03-22,FAIL,124.28,USD,10
AST-00046,Project A,Ceramic-C,Chemical Compatibility,2026-03-25,2026-04-03,PASS,101.59,USD,9
AST-00047,Project F,Ceramic-C,Impact Resistance,2026-06-28,2026-07-03,PASS,117.39,USD,5
AST-00048,Project F,Composite-Z,Chemical Compatibility,2026-04-25,2026-04-29,PASS,121.87,USD,4
AST-00049,Project J,Composite-Z,Impact Resistance,2026-04-27,2026-05-03,PASS,85.51,USD,6
AST-00050,Project D,Alloy-X,Humidity Exposure,2026-06-24,2026-06-29,PASS,108.87,USD,5
AST-00051,Project G,Composite-Z,Chemical Compatibility,2026-07-24,2026-07-30,PASS,88.65,USD,6
AST-00052,Project I,Composite-Z,Salt Spray,2026-02-13,2026-02-23,PASS,93.70,USD,10
AST-00053,Project B,Polymer-A,Chemical Compatibility,2026-07-10,2026-07-15,PASS,124.57,USD,5
AST-00054,Project F,Copper-M,Impact Resistance,2026-03-18,2026-03-23,PASS,94.23,USD,5
AST-00055,Project B,Copper-M,Thermal Cycling,2026-05-15,2026-05-24,PASS,86.97,USD,9
AST-00056,Project J,Composite-Z,Chemical Compatibility,2026-07-02,2026-07-12,PASS,86.77,USD,10
AST-00057,Project C,Copper-M,Thermal Cycling,2026-02-14,2026-02-21,PASS,122.83,USD,7
AST-00058,Project C,Composite-Z,Impact Resistance,2026-04-30,2026-05-10,PASS,107.98,USD,10
AST-00059,Project A,Ceramic-C,Chemical Compatibility,2026-05-10,2026-05-14,PASS,122.55,USD,4
AST-00060,Project C,Composite-Z,Impact Resistance,2026-03-29,2026-04-04,PASS,92.12,USD,6
AST-00061,Project B,Alloy-X,Thermal Cycling,2026-03-11,2026-03-16,PASS,112.45,USD,5
AST-00062,Project C,Polymer-A,Humidity Exposure,2026-06-09,2026-06-19,PASS,120.41,USD,10
AST-00063,Project F,Polymer-A,Salt Spray,2026-02-22,2026-03-04,PASS,127.52,USD,10
AST-00064,Project C,Copper-M,Humidity Exposure,2026-03-16,2026-03-26,PASS,126.48,USD,10
AST-00065,Project H,Alloy-X,Chemical Compatibility,2026-02-18,2026-02-22,PASS,99.73,USD,4
AST-00066,Project D,Alloy-X,Thermal Cycling,2026-05-25,2026-06-03,PASS,94.38,USD,9
AST-00067,Project A,Alloy-X,Salt Spray,2026-04-08,2026-04-13,PASS,102.42,USD,5
AST-00068,Project C,Composite-Z,Tensile Strength,2026-02-14,2026-02-24,PASS,110.91,USD,10
AST-00069,Project B,Ceramic-C,Thermal Cycling,2026-02-26,2026-03-04,PASS,112.55,USD,6
AST-00070,Project B,Polymer-A,Salt Spray,2026-04-25,2026-05-05,PASS,93.91,USD,10
AST-00071,Project G,Alloy-X,Chemical Compatibility,2026-06-26,2026-07-03,PASS,122.25,USD,7
AST-00072,Project C,Ceramic-C,Thermal Cycling,2026-04-08,2026-04-15,PASS,84.71,USD,7
AST-00073,Project H,Composite-Z,Humidity Exposure,2026-06-30,2026-07-06,PASS,119.33,USD,6
AST-00074,Project J,Alloy-X,Salt Spray,2026-04-06,2026-04-10,PASS,95.22,USD,4
AST-00075,Project I,Polymer-A,Chemical Compatibility,2026-05-22,2026-05-26,PASS,96.71,USD,4
AST-00076,Project E,Ceramic-C,Tensile Strength,2026-02-17,2026-02-21,PASS,118.82,USD,4
AST-00077,Project A,Ceramic-C,Salt Spray,2026-07-13,2026-07-21,PASS,93.80,USD,8
AST-00078,Project F,Composite-Z,Humidity Exposure,2026-04-21,2026-04-25,PASS,102.00,USD,4
AST-00079,Project H,Alloy-X,Salt Spray,2026-03-08,2026-03-16,PASS,114.48,USD,8
AST-00080,Project E,Ceramic-C,Chemical Compatibility,2026-02-10,2026-02-18,PASS,95.69,USD,8
AST-00081,Project C,Ceramic-C,Impact Resistance,2026-05-23,2026-05-29,PASS,114.85,USD,6
AST-00082,Project G,Copper-M,Salt Spray,2026-06-13,2026-06-20,FAIL,121.18,USD,7
AST-00083,Project H,Composite-Z,Impact Resistance,2026-02-16,2026-02-22,PASS,100.51,USD,6
AST-00084,Project E,Copper-M,Chemical Compatibility,2026-06-16,2026-06-22,PASS,105.76,USD,6
AST-00085,Project C,Composite-Z,Tensile Strength,2026-06-02,2026-06-09,PASS,93.81,USD,7
AST-00086,Project A,Ceramic-C,Tensile Strength,2026-04-26,2026-05-05,PASS,95.00,USD,9
AST-00087,Project B,Alloy-X,Impact Resistance,2026-04-11,2026-04-20,FAIL,121.88,USD,9
AST-00088,Project D,Copper-M,Humidity Exposure,2026-04-16,2026-04-25,PASS,109.43,USD,9
AST-00089,Project G,Polymer-A,Salt Spray,2026-05-20,2026-05-24,PASS,96.43,USD,4
AST-00090,Project F,Copper-M,Impact Resistance,2026-05-27,2026-06-02,PASS,115.88,USD,6
AST-00091,Project H,Copper-M,Chemical Compatibility,2026-03-20,2026-03-29,PASS,93.23,USD,9
AST-00092,Project H,Alloy-X,Chemical Compatibility,2026-02-26,2026-03-08,PASS,120.91,USD,10
AST-00093,Project H,Ceramic-C,Salt Spray,2026-07-10,2026-07-17,PASS,125.95,USD,7
AST-00094,Project D,Copper-M,Chemical Compatibility,2026-06-25,2026-07-04,PASS,117.52,USD,9
AST-00095,Project B,Alloy-X,Chemical Compatibility,2026-03-20,2026-03-27,PASS,107.53,USD,7
AST-00096,Project B,Alloy-X,Chemical Compatibility,2026-03-21,2026-03-28,PASS,112.61,USD,7
AST-00097,Project B,Alloy-X,Salt Spray,2026-07-25,2026-07-31,PASS,92.51,USD,6
AST-00098,Project F,Alloy-X,Chemical Compatibility,2026-04-23,2026-05-01,PASS,95.03,USD,8
AST-00099,Project I,Composite-Z,Thermal Cycling,2026-04-06,2026-04-15,PASS,120.96,USD,9
AST-00100,Project B,Ceramic-C,Humidity Exposure,2026-04-17,2026-04-21,PASS,126.51,USD,4
AST-00101,Project H,Polymer-A,Tensile Strength,2026-07-28,2026-08-07,PASS,89.21,USD,10
AST-00102,Project C,Copper-M,Chemical Compatibility,2026-04-29,2026-05-09,PASS,113.44,USD,10
AST-00103,Project J,Alloy-X,Salt Spray,2026-07-25,2026-07-30,PASS,107.73,USD,5
AST-00104,Project H,Copper-M,Chemical Compatibility,2026-07-16,2026-07-25,PASS,121.28,USD,9
AST-00105,Project I,Alloy-X,Tensile Strength,2026-06-27,2026-07-01,PASS,94.16,USD,4
AST-00106,Project H,Polymer-A,Tensile Strength,2026-05-18,2026-05-23,PASS,123.28,USD,5
AST-00107,Project C,Polymer-A,Tensile Strength,2026-05-07,2026-05-13,PASS,95.69,USD,6
AST-00108,Project J,Composite-Z,Humidity Exposure,2026-04-23,2026-05-02,PASS,107.42,USD,9
AST-00109,Project G,Alloy-X,Chemical Compatibility,2026-06-30,2026-07-08,PASS,120.82,USD,8
AST-00110,Project C,Composite-Z,Humidity Exposure,2026-05-11,2026-05-18,PASS,96.72,USD,7
AST-00111,Project A,Composite-Z,Salt Spray,2026-03-20,2026-03-30,PASS,120.50,USD,10
AST-00112,Project D,Copper-M,Humidity Exposure,2026-03-08,2026-03-15,PASS,121.33,USD,7
AST-00113,Project I,Alloy-X,Impact Resistance,2026-05-05,2026-05-10,PASS,89.96,USD,5
AST-00114,Project A,Ceramic-C,Impact Resistance,2026-07-04,2026-07-08,PASS,84.88,USD,4
AST-00115,Project B,Alloy-X,Tensile Strength,2026-02-20,2026-02-25,FAIL,103.18,USD,5
AST-00116,Project I,Polymer-A,Humidity Exposure,2026-06-24,2026-07-03,PASS,84.48,USD,9
AST-00117,Project G,Copper-M,Humidity Exposure,2026-05-25,2026-06-02,PASS,115.55,USD,8
AST-00118,Project H,Alloy-X,Thermal Cycling,2026-07-31,2026-08-04,PASS,115.86,USD,4
AST-00119,Project J,Polymer-A,Tensile Strength,2026-02-24,2026-03-01,PASS,106.89,USD,5
AST-00120,Project D,Copper-M,Chemical Compatibility,2026-07-06,2026-07-11,PASS,88.69,USD,5
AST-00121,Project G,Polymer-A,Thermal Cycling,2026-06-18,2026-06-24,PASS,103.80,USD,6
AST-00122,Project D,Polymer-A,Humidity Exposure,2026-05-09,2026-05-19,PASS,84.04,USD,10
AST-00123,Project G,Composite-Z,Salt Spray,2026-07-08,2026-07-17,PASS,119.66,USD,9
AST-00124,Project D,Alloy-X,Humidity Exposure,2026-07-27,2026-08-04,PASS,119.55,USD,8
AST-00125,Project B,Ceramic-C,Chemical Compatibility,2026-04-19,2026-04-27,PASS,127.87,USD,8
AST-00126,Project F,Polymer-A,Salt Spray,2026-05-20,2026-05-29,PASS,100.19,USD,9
AST-00127,Project I,Polymer-A,Humidity Exposure,2026-03-25,2026-04-03,PASS,105.03,USD,9
AST-00128,Project J,Alloy-X,Chemical Compatibility,2026-03-22,2026-03-30,PASS,89.22,USD,8
AST-00129,Project F,Ceramic-C,Tensile Strength,2026-02-01,2026-02-10,PASS,103.31,USD,9
AST-00130,Project D,Alloy-X,Impact Resistance,2026-04-22,2026-04-26,PASS,111.06,USD,4
AST-00131,Project G,Polymer-A,Salt Spray,2026-04-18,2026-04-25,PASS,105.22,USD,7
AST-00132,Project H,Polymer-A,Salt Spray,2026-02-21,2026-02-26,PASS,92.33,USD,5
AST-00133,Project D,Composite-Z,Thermal Cycling,2026-03-02,2026-03-12,FAIL,116.77,USD,10
AST-00134,Project I,Polymer-A,Salt Spray,2026-05-02,2026-05-10,PASS,115.86,USD,8
AST-00135,Project G,Copper-M,Salt Spray,2026-07-05,2026-07-14,PASS,104.89,USD,9
AST-00136,Project H,Alloy-X,Impact Resistance,2026-04-21,2026-04-29,FAIL,106.48,USD,8
AST-00137,Project C,Copper-M,Tensile Strength,2026-05-21,2026-05-29,PASS,87.11,USD,8
AST-00138,Project H,Ceramic-C,Tensile Strength,2026-05-21,2026-05-27,PASS,118.27,USD,6
AST-00139,Project B,Ceramic-C,Impact Resistance,2026-05-20,2026-05-30,PASS,121.99,USD,10
AST-00140,Project C,Alloy-X,Thermal Cycling,2026-06-27,2026-07-07,PASS,84.95,USD,10
AST-00141,Project H,Alloy-X,Chemical Compatibility,2026-03-27,2026-04-04,PASS,89.36,USD,8
AST-00142,Project I,Composite-Z,Humidity Exposure,2026-06-01,2026-06-05,FAIL,107.60,USD,4
AST-00143,Project D,Copper-M,Salt Spray,2026-02-07,2026-02-16,PASS,123.84,USD,9
AST-00144,Project E,Polymer-A,Salt Spray,2026-03-21,2026-03-25,PASS,125.11,USD,4
AST-00145,Project I,Copper-M,Humidity Exposure,2026-04-27,2026-05-06,PASS,86.76,USD,9
AST-00146,Project H,Copper-M,Thermal Cycling,2026-07-10,2026-07-16,PASS,109.57,USD,6
AST-00147,Project B,Copper-M,Thermal Cycling,2026-07-24,2026-08-02,FAIL,125.02,USD,9
AST-00148,Project J,Ceramic-C,Thermal Cycling,2026-04-11,2026-04-15,PASS,98.25,USD,4
AST-00149,Project H,Alloy-X,Tensile Strength,2026-02-05,2026-02-13,PASS,115.24,USD,8
AST-00150,Project G,Ceramic-C,Tensile Strength,2026-02-23,2026-03-03,PASS,94.25,USD,8
AST-00151,Project A,Composite-Z,Humidity Exposure,2026-07-14,2026-07-23,FAIL,86.95,USD,9
AST-00152,Project G,Composite-Z,Tensile Strength,2026-03-21,2026-03-31,FAIL,118.09,USD,10
AST-00153,Project J,Polymer-A,Chemical Compatibility,2026-03-21,2026-03-25,PASS,127.55,USD,4
AST-00154,Project F,Polymer-A,Humidity Exposure,2026-04-07,2026-04-17,FAIL,111.89,USD,10
AST-00155,Project G,Copper-M,Salt Spray,2026-03-31,2026-04-08,PASS,86.00,USD,8
AST-00156,Project J,Ceramic-C,Salt Spray,2026-04-13,2026-04-21,FAIL,111.92,USD,8
AST-00157,Project G,Polymer-A,Impact Resistance,2026-07-25,2026-08-04,PASS,123.58,USD,10
AST-00158,Project I,Alloy-X,Salt Spray,2026-07-31,2026-08-07,PASS,113.98,USD,7
AST-00159,Project F,Ceramic-C,Chemical Compatibility,2026-03-13,2026-03-18,PASS,127.98,USD,5
AST-00160,Project D,Composite-Z,Impact Resistance,2026-04-20,2026-04-26,PASS,113.61,USD,6
AST-00161,Project H,Copper-M,Salt Spray,2026-03-09,2026-03-13,PASS,103.89,USD,4
AST-00162,Project I,Ceramic-C,Salt Spray,2026-05-18,2026-05-28,PASS,116.29,USD,10
AST-00163,Project G,Alloy-X,Impact Resistance,2026-04-12,2026-04-19,PASS,97.65,USD,7
AST-00164,Project G,Ceramic-C,Thermal Cycling,2026-05-05,2026-05-12,PASS,92.25,USD,7
AST-00165,Project A,Copper-M,Thermal Cycling,2026-05-07,2026-05-11,FAIL,99.00,USD,4
AST-00166,Project E,Composite-Z,Tensile Strength,2026-04-12,2026-04-18,PASS,95.32,USD,6
AST-00167,Project D,Polymer-A,Salt Spray,2026-03-30,2026-04-08,PASS,123.25,USD,9
AST-00168,Project D,Copper-M,Salt Spray,2026-05-12,2026-05-22,PASS,121.83,USD,10
AST-00169,Project J,Ceramic-C,Thermal Cycling,2026-04-09,2026-04-17,FAIL,97.60,USD,8
AST-00170,Project F,Copper-M,Impact Resistance,2026-05-11,2026-05-18,PASS,120.84,USD,7
AST-00171,Project E,Polymer-A,Thermal Cycling,2026-04-12,2026-04-18,PASS,106.83,USD,6
AST-00172,Project J,Copper-M,Impact Resistance,2026-06-03,2026-06-10,PASS,123.73,USD,7
AST-00173,Project J,Composite-Z,Chemical Compatibility,2026-06-17,2026-06-27,PASS,104.13,USD,10
AST-00174,Project C,Composite-Z,Impact Resistance,2026-02-07,2026-02-16,PASS,93.93,USD,9
AST-00175,Project D,Copper-M,Impact Resistance,2026-02-08,2026-02-14,PASS,86.08,USD,6
AST-00176,Project C,Ceramic-C,Tensile Strength,2026-06-14,2026-06-24,PASS,97.29,USD,10
AST-00177,Project B,Composite-Z,Tensile Strength,2026-05-31,2026-06-04,PASS,126.86,USD,4
AST-00178,Project A,Composite-Z,Tensile Strength,2026-05-06,2026-05-13,PASS,99.27,USD,7
AST-00179,Project G,Polymer-A,Tensile Strength,2026-07-03,2026-07-12,PASS,112.56,USD,9
AST-00180,Project D,Ceramic-C,Chemical Compatibility,2026-05-10,2026-05-14,PASS,92.39,USD,4
AST-00181,Project G,Polymer-A,Impact Resistance,2026-06-19,2026-06-24,PASS,85.00,USD,5
AST-00182,Project J,Polymer-A,Tensile Strength,2026-07-02,2026-07-11,PASS,103.07,USD,9
AST-00183,Project D,Alloy-X,Chemical Compatibility,2026-06-25,2026-07-04,PASS,102.17,USD,9
AST-00184,Project I,Copper-M,Thermal Cycling,2026-03-28,2026-04-02,PASS,113.13,USD,5
AST-00185,Project E,Polymer-A,Salt Spray,2026-03-11,2026-03-17,PASS,117.95,USD,6
AST-00186,Project J,Ceramic-C,Chemical Compatibility,2026-06-14,2026-06-21,PASS,115.33,USD,7
AST-00187,Project G,Composite-Z,Tensile Strength,2026-03-31,2026-04-09,PASS,124.59,USD,9
AST-00188,Project A,Copper-M,Tensile Strength,2026-03-29,2026-04-04,PASS,108.81,USD,6
AST-00189,Project G,Copper-M,Impact Resistance,2026-06-17,2026-06-24,PASS,119.14,USD,7
AST-00190,Project J,Copper-M,Salt Spray,2026-02-20,2026-02-26,PASS,97.89,USD,6
AST-00191,Project A,Copper-M,Tensile Strength,2026-05-20,2026-05-25,PASS,113.58,USD,5
AST-00192,Project C,Alloy-X,Chemical Compatibility,2026-02-01,2026-02-06,PASS,87.01,USD,5
AST-00193,Project I,Polymer-A,Impact Resistance,2026-04-21,2026-04-28,PASS,99.71,USD,7
AST-00194,Project D,Alloy-X,Salt Spray,2026-06-26,2026-07-01,PASS,98.95,USD,5
AST-00195,Project H,Ceramic-C,Tensile Strength,2026-04-03,2026-04-07,PASS,102.86,USD,4
AST-00196,Project B,Copper-M,Humidity Exposure,2026-06-26,2026-06-30,PASS,87.03,USD,4
AST-00197,Project F,Composite-Z,Humidity Exposure,2026-05-12,2026-05-17,PASS,94.38,USD,5
AST-00198,Project D,Polymer-A,Humidity Exposure,2026-06-15,2026-06-25,PASS,93.45,USD,10
AST-00199,Project G,Polymer-A,Tensile Strength,2026-03-09,2026-03-14,PASS,123.54,USD,5
AST-00200,Project B,Alloy-X,Tensile Strength,2026-04-29,2026-05-08,PASS,114.80,USD,9
AST-00201,Project G,Composite-Z,Tensile Strength,2026-05-29,2026-06-03,PASS,92.77,USD,5
AST-00202,Project E,Alloy-X,Chemical Compatibility,2026-02-05,2026-02-12,FAIL,120.10,USD,7
AST-00203,Project H,Alloy-X,Impact Resistance,2026-03-18,2026-03-25,PASS,97.66,USD,7
AST-00204,Project I,Alloy-X,Thermal Cycling,2026-07-07,2026-07-16,PASS,107.04,USD,9
AST-00205,Project D,Polymer-A,Thermal Cycling,2026-06-17,2026-06-27,PASS,94.53,USD,10
AST-00206,Project B,Composite-Z,Humidity Exposure,2026-02-21,2026-03-03,PASS,84.41,USD,10
AST-00207,Project G,Copper-M,Salt Spray,2026-04-02,2026-04-10,PASS,117.99,USD,8
AST-00208,Project H,Alloy-X,Tensile Strength,2026-02-25,2026-03-06,PASS,92.08,USD,9
AST-00209,Project D,Polymer-A,Impact Resistance,2026-03-03,2026-03-13,PASS,89.55,USD,10
AST-00210,Project H,Alloy-X,Salt Spray,2026-04-20,2026-04-24,PASS,104.43,USD,4
AST-00211,Project A,Composite-Z,Chemical Compatibility,2026-03-15,2026-03-25,PASS,106.54,USD,10
AST-00212,Project J,Ceramic-C,Salt Spray,2026-02-22,2026-02-28,PASS,109.13,USD,6
AST-00213,Project F,Polymer-A,Salt Spray,2026-04-12,2026-04-18,PASS,127.67,USD,6
AST-00214,Project G,Copper-M,Impact Resistance,2026-06-28,2026-07-02,PASS,86.64,USD,4
AST-00215,Project H,Copper-M,Salt Spray,2026-07-19,2026-07-24,PASS,99.88,USD,5
AST-00216,Project D,Composite-Z,Tensile Strength,2026-03-12,2026-03-22,PASS,119.26,USD,10
AST-00217,Project B,Copper-M,Tensile Strength,2026-02-15,2026-02-22,PASS,124.97,USD,7
AST-00218,Project H,Ceramic-C,Salt Spray,2026-06-13,2026-06-21,PASS,90.67,USD,8
AST-00219,Project H,Polymer-A,Chemical Compatibility,2026-04-05,2026-04-14,PASS,87.95,USD,9
AST-00220,Project G,Composite-Z,Salt Spray,2026-07-26,2026-08-03,PASS,107.97,USD,8
AST-00221,Project C,Alloy-X,Thermal Cycling,2026-03-05,2026-03-11,PASS,121.27,USD,6
AST-00222,Project I,Ceramic-C,Tensile Strength,2026-03-13,2026-03-20,PASS,104.36,USD,7
AST-00223,Project A,Alloy-X,Humidity Exposure,2026-04-28,2026-05-08,PASS,104.17,USD,10
AST-00224,Project J,Polymer-A,Tensile Strength,2026-03-26,2026-03-30,PASS,106.58,USD,4
AST-00225,Project J,Alloy-X,Thermal Cycling,2026-04-30,2026-05-10,PASS,85.90,USD,10
AST-00226,Project C,Ceramic-C,Salt Spray,2026-07-25,2026-07-30,PASS,105.72,USD,5
AST-00227,Project E,Polymer-A,Salt Spray,2026-05-27,2026-05-31,PASS,87.70,USD,4
AST-00228,Project B,Polymer-A,Humidity Exposure,2026-07-29,2026-08-06,PASS,90.41,USD,8
AST-00229,Project G,Composite-Z,Tensile Strength,2026-04-06,2026-04-16,PASS,96.08,USD,10
AST-00230,Project I,Polymer-A,Impact Resistance,2026-07-06,2026-07-11,PASS,111.28,USD,5
AST-00231,Project G,Ceramic-C,Thermal Cycling,2026-04-12,2026-04-17,PASS,105.66,USD,5
AST-00232,Project H,Alloy-X,Thermal Cycling,2026-07-31,2026-08-04,PASS,118.80,USD,4
AST-00233,Project G,Composite-Z,Chemical Compatibility,2026-04-07,2026-04-11,FAIL,95.42,USD,4
AST-00234,Project D,Composite-Z,Impact Resistance,2026-02-14,2026-02-18,PASS,97.58,USD,4
AST-00235,Project I,Polymer-A,Impact Resistance,2026-03-25,2026-03-29,PASS,126.10,USD,4
AST-00236,Project G,Composite-Z,Salt Spray,2026-05-09,2026-05-17,PASS,125.08,USD,8
AST-00237,Project C,Ceramic-C,Tensile Strength,2026-02-04,2026-02-12,PASS,122.64,USD,8
AST-00238,Project E,Polymer-A,Humidity Exposure,2026-05-12,2026-05-21,PASS,89.22,USD,9
AST-00239,Project C,Alloy-X,Thermal Cycling,2026-04-27,2026-05-01,PASS,127.52,USD,4
AST-00240,Project A,Alloy-X,Salt Spray,2026-02-16,2026-02-20,PASS,95.60,USD,4
AST-00241,Project G,Ceramic-C,Thermal Cycling,2026-07-23,2026-08-02,PASS,107.82,USD,10
AST-00242,Project E,Copper-M,Thermal Cycling,2026-03-10,2026-03-14,PASS,101.96,USD,4
AST-00243,Project D,Alloy-X,Impact Resistance,2026-07-09,2026-07-13,PASS,109.86,USD,4
AST-00244,Project F,Ceramic-C,Salt Spray,2026-06-22,2026-06-28,PASS,111.68,USD,6
AST-00245,Project B,Composite-Z,Thermal Cycling,2026-02-17,2026-02-21,PASS,104.73,USD,4
AST-00246,Project I,Polymer-A,Thermal Cycling,2026-04-26,2026-04-30,PASS,124.72,USD,4
AST-00247,Project H,Polymer-A,Tensile Strength,2026-04-18,2026-04-28,PASS,110.57,USD,10
AST-00248,Project C,Alloy-X,Humidity Exposure,2026-07-02,2026-07-07,PASS,91.84,USD,5
AST-00249,Project D,Polymer-A,Tensile Strength,2026-06-17,2026-06-25,PASS,122.26,USD,8
AST-00250,Project B,Alloy-X,Salt Spray,2026-07-09,2026-07-14,PASS,114.67,USD,5
AST-00251,Project H,Composite-Z,Humidity Exposure,2026-05-29,2026-06-02,PASS,120.79,USD,4
AST-00252,Project D,Ceramic-C,Chemical Compatibility,2026-07-20,2026-07-25,PASS,94.06,USD,5
AST-00253,Project H,Polymer-A,Salt Spray,2026-06-22,2026-06-26,PASS,93.43,USD,4
AST-00254,Project I,Polymer-A,Tensile Strength,2026-07-06,2026-07-12,PASS,123.27,USD,6
AST-00255,Project I,Composite-Z,Tensile Strength,2026-04-18,2026-04-28,PASS,115.30,USD,10
AST-00256,Project A,Composite-Z,Chemical Compatibility,2026-06-13,2026-06-17,PASS,113.45,USD,4
AST-00257,Project C,Ceramic-C,Salt Spray,2026-02-02,2026-02-10,PASS,91.28,USD,8
AST-00258,Project C,Composite-Z,Impact Resistance,2026-07-14,2026-07-24,PASS,109.72,USD,10
AST-00259,Project G,Ceramic-C,Impact Resistance,2026-07-13,2026-07-17,PASS,113.17,USD,4
AST-00260,Project B,Ceramic-C,Thermal Cycling,2026-07-15,2026-07-21,PASS,125.05,USD,6
AST-00261,Project A,Ceramic-C,Impact Resistance,2026-06-06,2026-06-14,PASS,119.94,USD,8
AST-00262,Project C,Ceramic-C,Impact Resistance,2026-06-12,2026-06-17,PASS,109.29,USD,5
AST-00263,Project D,Composite-Z,Salt Spray,2026-06-18,2026-06-23,PASS,108.72,USD,5
AST-00264,Project E,Alloy-X,Thermal Cycling,2026-04-27,2026-05-01,PASS,121.16,USD,4
AST-00265,Project A,Ceramic-C,Salt Spray,2026-07-02,2026-07-08,PASS,96.06,USD,6
AST-00266,Project J,Composite-Z,Chemical Compatibility,2026-03-11,2026-03-20,PASS,115.27,USD,9
AST-00267,Project E,Ceramic-C,Thermal Cycling,2026-04-10,2026-04-19,PASS,119.94,USD,9
AST-00268,Project F,Composite-Z,Impact Resistance,2026-03-05,2026-03-12,PASS,123.01,USD,7
AST-00269,Project F,Polymer-A,Humidity Exposure,2026-04-16,2026-04-20,PASS,119.23,USD,4
AST-00270,Project F,Copper-M,Humidity Exposure,2026-03-12,2026-03-20,PASS,99.93,USD,8
AST-00271,Project C,Alloy-X,Salt Spray,2026-05-08,2026-05-12,PASS,127.83,USD,4
AST-00272,Project G,Composite-Z,Thermal Cycling,2026-03-24,2026-03-31,PASS,113.94,USD,7
AST-00273,Project I,Copper-M,Chemical Compatibility,2026-07-10,2026-07-19,PASS,84.34,USD,9
AST-00274,Project D,Composite-Z,Tensile Strength,2026-04-15,2026-04-23,PASS,127.20,USD,8
AST-00275,Project I,Alloy-X,Humidity Exposure,2026-06-18,2026-06-24,FAIL,87.64,USD,6
AST-00276,Project D,Ceramic-C,Impact Resistance,2026-02-06,2026-02-10,PASS,116.17,USD,4
AST-00277,Project E,Ceramic-C,Chemical Compatibility,2026-06-06,2026-06-11,PASS,120.40,USD,5
AST-00278,Project F,Ceramic-C,Humidity Exposure,2026-07-10,2026-07-20,PASS,124.53,USD,10
AST-00279,Project J,Ceramic-C,Thermal Cycling,2026-04-19,2026-04-24,PASS,115.94,USD,5
AST-00280,Project H,Copper-M,Thermal Cycling,2026-05-12,2026-05-21,PASS,116.17,USD,9
AST-00281,Project B,Composite-Z,Chemical Compatibility,2026-05-01,2026-05-11,PASS,95.16,USD,10
AST-00282,Project H,Copper-M,Impact Resistance,2026-02-28,2026-03-06,PASS,124.52,USD,6
AST-00283,Project I,Alloy-X,Humidity Exposure,2026-03-12,2026-03-16,PASS,88.01,USD,4
AST-00284,Project E,Ceramic-C,Impact Resistance,2026-02-20,2026-02-26,PASS,126.71,USD,6
AST-00285,Project J,Polymer-A,Tensile Strength,2026-03-15,2026-03-22,PASS,87.71,USD,7
AST-00286,Project J,Polymer-A,Tensile Strength,2026-06-11,2026-06-18,PASS,125.93,USD,7
AST-00287,Project F,Polymer-A,Tensile Strength,2026-05-08,2026-05-17,PASS,91.73,USD,9
AST-00288,Project F,Composite-Z,Humidity Exposure,2026-06-24,2026-07-02,FAIL,112.64,USD,8
AST-00289,Project C,Composite-Z,Impact Resistance,2026-05-12,2026-05-21,PASS,90.39,USD,9
AST-00290,Project C,Ceramic-C,Tensile Strength,2026-04-14,2026-04-22,FAIL,98.51,USD,8
AST-00291,Project I,Composite-Z,Chemical Compatibility,2026-02-02,2026-02-11,PASS,114.46,USD,9
AST-00292,Project A,Polymer-A,Thermal Cycling,2026-03-15,2026-03-24,PASS,90.53,USD,9
AST-00293,Project D,Alloy-X,Salt Spray,2026-07-25,2026-08-01,PASS,116.50,USD,7
AST-00294,Project G,Composite-Z,Tensile Strength,2026-02-08,2026-02-12,PASS,95.43,USD,4
AST-00295,Project E,Alloy-X,Chemical Compatibility,2026-03-13,2026-03-20,PASS,123.00,USD,7
AST-00296,Project F,Ceramic-C,Humidity Exposure,2026-07-03,2026-07-10,PASS,107.16,USD,7
AST-00297,Project E,Polymer-A,Impact Resistance,2026-06-24,2026-06-28,PASS,96.87,USD,4
AST-00298,Project G,Composite-Z,Salt Spray,2026-04-13,2026-04-19,PASS,95.58,USD,6
AST-00299,Project C,Alloy-X,Tensile Strength,2026-02-28,2026-03-06,PASS,123.20,USD,6
AST-00300,Project B,Copper-M,Thermal Cycling,2026-05-19,2026-05-28,PASS,120.89,USD,9
AST-00301,Project E,Alloy-X,Humidity Exposure,2026-07-16,2026-07-26,FAIL,103.77,USD,10
AST-00302,Project E,Copper-M,Chemical Compatibility,2026-03-01,2026-03-08,PASS,89.59,USD,7
AST-00303,Project D,Composite-Z,Thermal Cycling,2026-02-22,2026-03-04,PASS,105.23,USD,10
AST-00304,Project E,Ceramic-C,Thermal Cycling,2026-05-02,2026-05-10,PASS,85.10,USD,8
AST-00305,Project F,Polymer-A,Chemical Compatibility,2026-06-06,2026-06-10,PASS,87.46,USD,4
AST-00306,Project H,Copper-M,Humidity Exposure,2026-05-09,2026-05-16,PASS,97.92,USD,7
AST-00307,Project G,Copper-M,Chemical Compatibility,2026-03-01,2026-03-10,PASS,99.17,USD,9
AST-00308,Project C,Ceramic-C,Tensile Strength,2026-03-10,2026-03-16,PASS,103.66,USD,6
AST-00309,Project C,Polymer-A,Chemical Compatibility,2026-06-02,2026-06-09,PASS,125.54,USD,7
AST-00310,Project G,Composite-Z,Impact Resistance,2026-07-06,2026-07-10,PASS,84.70,USD,4
AST-00311,Project B,Ceramic-C,Thermal Cycling,2026-02-20,2026-02-26,PASS,92.86,USD,6
AST-00312,Project G,Polymer-A,Salt Spray,2026-04-07,2026-04-12,PASS,99.52,USD,5
AST-00313,Project B,Composite-Z,Humidity Exposure,2026-07-25,2026-08-04,PASS,84.71,USD,10
AST-00314,Project C,Polymer-A,Humidity Exposure,2026-07-31,2026-08-07,PASS,93.87,USD,7
AST-00315,Project A,Alloy-X,Salt Spray,2026-07-01,2026-07-05,FAIL,102.71,USD,4
AST-00316,Project F,Ceramic-C,Thermal Cycling,2026-06-09,2026-06-16,PASS,120.46,USD,7
AST-00317,Project J,Ceramic-C,Thermal Cycling,2026-04-06,2026-04-15,PASS,112.92,USD,9
AST-00318,Project E,Alloy-X,Salt Spray,2026-06-11,2026-06-20,PASS,109.08,USD,9
AST-00319,Project A,Polymer-A,Impact Resistance,2026-04-14,2026-04-21,PASS,127.36,USD,7
AST-00320,Project G,Alloy-X,Salt Spray,2026-02-07,2026-02-11,PASS,85.13,USD,4
AST-00321,Project D,Copper-M,Humidity Exposure,2026-05-15,2026-05-25,FAIL,91.41,USD,10
AST-00322,Project D,Copper-M,Salt Spray,2026-03-06,2026-03-15,PASS,118.08,USD,9
AST-00323,Project J,Copper-M,Humidity Exposure,2026-02-22,2026-03-02,PASS,120.96,USD,8
AST-00324,Project H,Alloy-X,Impact Resistance,2026-04-24,2026-05-02,PASS,115.40,USD,8
AST-00325,Project H,Composite-Z,Chemical Compatibility,2026-03-10,2026-03-19,PASS,102.99,USD,9
AST-00326,Project C,Alloy-X,Tensile Strength,2026-03-11,2026-03-21,PASS,125.03,USD,10
AST-00327,Project G,Composite-Z,Thermal Cycling,2026-06-05,2026-06-10,PASS,89.96,USD,5
AST-00328,Project B,Polymer-A,Chemical Compatibility,2026-05-26,2026-06-04,PASS,104.02,USD,9
AST-00329,Project A,Copper-M,Impact Resistance,2026-03-31,2026-04-06,PASS,111.72,USD,6
AST-00330,Project F,Copper-M,Humidity Exposure,2026-02-07,2026-02-11,PASS,85.36,USD,4
AST-00331,Project C,Ceramic-C,Impact Resistance,2026-02-05,2026-02-10,PASS,120.04,USD,5
AST-00332,Project I,Ceramic-C,Tensile Strength,2026-07-18,2026-07-27,FAIL,125.75,USD,9
AST-00333,Project E,Copper-M,Thermal Cycling,2026-06-02,2026-06-11,PASS,96.41,USD,9
AST-00334,Project C,Composite-Z,Impact Resistance,2026-05-30,2026-06-08,PASS,100.66,USD,9
AST-00335,Project B,Polymer-A,Thermal Cycling,2026-04-02,2026-04-06,FAIL,107.24,USD,4
AST-00336,Project G,Composite-Z,Humidity Exposure,2026-05-18,2026-05-23,PASS,99.04,USD,5
AST-00337,Project G,Ceramic-C,Chemical Compatibility,2026-02-05,2026-02-15,PASS,87.22,USD,10
AST-00338,Project I,Polymer-A,Salt Spray,2026-02-12,2026-02-21,PASS,122.32,USD,9
AST-00339,Project B,Polymer-A,Tensile Strength,2026-05-22,2026-05-29,PASS,121.92,USD,7
AST-00340,Project E,Composite-Z,Humidity Exposure,2026-04-25,2026-05-04,PASS,108.16,USD,9
AST-00341,Project A,Ceramic-C,Thermal Cycling,2026-02-24,2026-03-02,PASS,93.73,USD,6
AST-00342,Project J,Polymer-A,Chemical Compatibility,2026-07-15,2026-07-20,PASS,95.32,USD,5
AST-00343,Project F,Composite-Z,Humidity Exposure,2026-05-26,2026-05-31,PASS,101.40,USD,5
AST-00344,Project H,Ceramic-C,Salt Spray,2026-06-28,2026-07-03,PASS,123.05,USD,5
AST-00345,Project I,Ceramic-C,Salt Spray,2026-03-10,2026-03-20,PASS,99.63,USD,10
AST-00346,Project F,Composite-Z,Tensile Strength,2026-03-27,2026-04-01,PASS,120.78,USD,5
AST-00347,Project C,Alloy-X,Chemical Compatibility,2026-02-06,2026-02-13,PASS,86.16,USD,7
AST-00348,Project C,Ceramic-C,Tensile Strength,2026-03-26,2026-04-03,PASS,108.80,USD,8
AST-00349,Project C,Polymer-A,Humidity Exposure,2026-02-19,2026-02-26,PASS,90.55,USD,7
AST-00350,Project C,Polymer-A,Thermal Cycling,2026-07-27,2026-08-04,PASS,94.92,USD,8
